{
  "comment": "http://zhuanlan.zhihu.com/zhihumkt/19716118",
  "invited": [
    {
      "name": "magasa",
      "slug": "magasa",
      "avatarUrl": "images/user_avatar_1.png",
      "bio": "电影杂志《虹膜》主编（支持iOS/Android平台）",
      "id": 1
    },
    {
      "name": "程毅南",
      "slug": "cheng-yi-nan",
      "avatarUrl": "images/user_avatar_2.png",
      "bio": "美国心理学和经济学本科毕业。强推《知识分子与社会》",
      "id": 2
    },
    {
      "name": "田吉顺",
      "slug": "tian-ji-shun",
      "avatarUrl": "images/user_avatar_3.png",
      "bio": "妇产科医生",
      "id": 3
    }
  ],
  "recommended": [
    {
      "name": "周源",
      "slug": "zhouyuan",
      "avatarUrl": "images/user_avatar_4.png",
      "bio": "知乎 001 号员工",
      "id": 4
    },
    {
      "name": "黄继新",
      "slug": "jixin",
      "avatarUrl": "images/user_avatar_5.png",
      "bio": "和知乎在一起",
      "id": 5
    },
    {
      "name": "李申申",
      "slug": "shen",
      "avatarUrl": "images/user_avatar_6.png",
      "bio": "知乎 002 号员工",
      "id": 6
    },
    {
      "name": "Raymond Wang",
      "slug": "raymond-wang",
      "avatarUrl": "images/user_avatar_7.png",
      "bio": "lawyer",
      "id": 7
    }
  ]
}